Issue No.,Issue Summary,Issue Description,Comment 1,Comment 2,Comment 3,Final Outcome
1,API - Agent API Missing Hire Date,API not always returning hireDate; affects some agents. Example agent returns null; observed since March 2026.,UserHub sending null HireDate to ACD; needs fix via lambdas.,UserHub API has value; mismatch due to different data source.,InData sync via lambda missing correct value; ACD ready; UserHub action needed.,Moved to UserHub team; product discussion initiated.
2,Agents Receiving Email Interactions in Unavailable Status,Agents received emails while unavailable due to Auto Parked Email limit changed from 0 to 25 without approval.,Initial investigation; suspected system/previous changes.,Static Delivery used; recommend Omni Channel to avoid issue.,Auto reset caused by weekly job/UserHub updates; bug AAD-47814 logged and fix planned.,Customer informed; KI planned; recommend Omni Channel migration.
3,Emails not routed to correct agents,Customer reported inconsistent behavior affecting multiple agents across business units.,Bug logged for further tracking.,Bug logged for further tracking.,UserHub data not reflecting correctly in ACD.,Client advised workaround and best practices.
4,Agents stuck in unavailable state,Problem replicated in lower environment; logs indicate possible sync or configuration issue.,Logs indicate possible delay in lambda sync.,Requires validation from API and backend services.,Requires validation from API and backend services.,Client advised workaround and best practices.
5,POC not linked to Business Unit,Problem replicated in lower environment; logs indicate possible sync or configuration issue.,Routing engine behaving as per current configuration.,Initial investigation suggests configuration mismatch.,Weekly maintenance job might be overwriting values.,Routed to respective team for further action.
6,Agents stuck in unavailable state,Problem replicated in lower environment; logs indicate possible sync or configuration issue.,Routing engine behaving as per current configuration.,Bug logged for further tracking.,Requires validation from API and backend services.,Monitoring enabled for future validation.
7,Agents stuck in unavailable state,Customer reported inconsistent behavior affecting multiple agents across business units.,Routing engine behaving as per current configuration.,Routing engine behaving as per current configuration.,Needs cross-team investigation (ACD + UserHub).,Routed to respective team for further action.
8,Chat interactions delayed in queue,Customer reported inconsistent behavior affecting multiple agents across business units.,Needs cross-team investigation (ACD + UserHub).,Requires validation from API and backend services.,Initial investigation suggests configuration mismatch.,Bug fix deployed to production.
9,POC not linked to Business Unit,Observed issue in ACD where expected behavior is not occurring. Investigation required across routing and data sync.,UserHub data not reflecting correctly in ACD.,UserHub data not reflecting correctly in ACD.,Needs cross-team investigation (ACD + UserHub).,Client advised workaround and best practices.
10,POC not linked to Business Unit,Customer reported inconsistent behavior affecting multiple agents across business units.,Initial investigation suggests configuration mismatch.,Needs cross-team investigation (ACD + UserHub).,Routing engine behaving as per current configuration.,Client advised workaround and best practices.
11,Disposition notes not saving after call,Customer reported inconsistent behavior affecting multiple agents across business units.,Logs indicate possible delay in lambda sync.,Requires validation from API and backend services.,Initial investigation suggests configuration mismatch.,Issue resolved via configuration correction.
12,Agents stuck in unavailable state,Problem replicated in lower environment; logs indicate possible sync or configuration issue.,Routing engine behaving as per current configuration.,Weekly maintenance job might be overwriting values.,Requires validation from API and backend services.,Bug fix deployed to production.
13,"A single recording is returning ""Playback Unavailable - Error 8203"" across all applications and all user permission levels. The recording is showing as available in active storage but cannot be played back.","? Single CID affected — no other recordings reported with this issue
? Active storage — Interactions Hub confirms the recording is in active storage, not archived or deleted
? All users affected — including impersonated admin with full Administrator permissions — rules out a permissions issue
? Multiple applications failing — error occurs in both Interactions Hub and Contact History Report
? Not yet tested in QM or Supervisor — customer is testing and will report back
? Not a permissions/license issue — impersonated admin with full rights cannot play the recording
Error Details:
Error: Playback Unavailable — Error 8203
Where: Interactions Hub + Contact History Report
Who: All users including impersonated admin",I went ahead and tried to play the recording from the Supervisor Agent activity tab and ran into the same error as if I try to play the recording from interactions or the contact history report.,"Interactions Hub: There was a system error and this recording is not available. Error 8203
 
Get file shows that the file is available in Storage, Active Playable, and is complete. File name: 2026-05-28-20-37-12_707697080290_VOICE_d1c28cdd-2dd2-4443-86e9-8542f9b5e66f.mp4
 
Same error in Contact history.
 
 
Send this to Mpower Recording.
 
 
CID 707697080290 cannot be played back Console.log
CID 707697080290 cannot be played back.har
 
CID 707697080290 cannot be played back Console.log
CID 707697080290 cannot be played back.har","updating customer Michael Fainstein
 
Saranya Rao Hi, please review.
 
Will analyse and update by tomorrow
 
thank you
 
Hi Michael Fainstein
There are two recordings in this segment:
One recording is in failed status.
The other is a statement recording, which is not playable in the player as per design.
 could you please check from the recording side why the first recording in this segment is showing a failed status?
 
Contact ID 707697080290 Start time 05/28/2026  - Will take a look.
 
'Failed' recording is actually a 'Short' recording which is not being recorded.",Failed' recording is actually a 'Short' recording which is not being recorded.
14,"Recording is fine in storage, voice and screen appear to be just over 8 minutes long. ","Hi Mike / Richard
we have analyzed the media and found that the uploaded media have corrupt packets. So the playback stops at 3:49
 
analyzed via ffmpeg as well","CXone Mpower Recording Can we please confirm the cause of the corruption of data is it internal to Nice or was brought about by a problem on the customer side?
 
adding on, The corruption is on audio media which is uploaded on File Storage.","Customer responded ""I'm able to play the full recording outside of Cxone (by downloading the recording) . 
If this issue was due to corrupt packets, would the issue not persist when playing the recording outside of Cxone?""
 
What player is it that we use withing CXone again? Is it the chromium player?
 
Richard, In CXone Player, playback is handled using an HTML video element, which is responsible for decoding and playing the media stream. When the media file has a corrupted or incomplete package, the decoding process gets disrupted, which leads to playback stopping unexpectedly.
 
Regarding handling of such corrupted media, we had previously evaluated potential approaches. However, due to strict playback SLAs and the need for seamless on-the-fly stream switching, introducing re-encoding or correction at the playback stage is not feasible. As a result, this type of issue needs to be addressed at the recording stage itself. These were discussed earlier as well and users still have the option to download the media file and try accessing the recording using other media player tools.","The voice recording was unremarkable, but the screen recording required a ""timing fix"" to address some issue in the merge of the videos
 
Vinayak Bhati` Richard Palmer can you see if the audio plays but when adding screen it causes the problem? 
 
Cfir Moshe would this timing fix cause a problem with the resulting file? it's segment b2756ab4-c1c2-4461-bb35-c78af3a705e8 on UK1, on May 3
 
Mike, as per analysis the audio media file at File Storage is having corrupt packets. So, after stitching audio and video (no reencoding at player end) same corrupt packets can be seen in output media and hence playback stops intermediately. 
 
Analyzed Audio media at File Storage:
1)Analyzed using ffmpeg (only audio file from FS):
ffmpeg -i <input> -f null -
 
2) Analyzed with edge Media Plugin (only audio file from FS)
 
 
 
Okay interesting, I see no issues whatsoever when we create the mp4 file from the raw files. 
 
Let me go back and look at the recording itself maybe the recorder logs will show some issues when we actually recorded it. 
 
Call was perfect in the recorder, zero issues marked. Very strange. 
 
Vinayak Bhati` anything you think recording could do better here? we transcode millions of calls per day, why does this one act weird. Could we do something better when we encode to mp4? 
 
Mike, As mentioned earlier in this thread, we have strict SLA requirements from the end of playback. Our previous analysis for similar scenarios indicated that adding support for such media could violate SLA. Since media corruption is unpredictable, decoding every file received for playback would risk breaching SLA and negatively impact the customer playback experience.
 
Okay, understood, thank you. Rich I don't see anything we could do better here. Going to close this swarm as we cannot reproduce the issue in the lab","Mike, as per analysis the audio media file at File Storage is having corrupt packets. So, after stitching audio and video (no reencoding at player end) same corrupt packets can be seen in output media and hence playback stops intermediately. 
 
Analyzed Audio media at File Storage:
1)Analyzed using ffmpeg (only audio file from FS):
ffmpeg -i <input> -f null -
 
2) Analyzed with edge Media Plugin (only audio file from FS)
 
 
 
Okay interesting, I see no issues whatsoever when we create the mp4 file from the raw files. 
 
Let me go back and look at the recording itself maybe the recorder logs will show some issues when we actually recorded it. 
 
Call was perfect in the recorder, zero issues marked. Very strange. 
 
Vinayak Bhati` anything you think recording could do better here? we transcode millions of calls per day, why does this one act weird. Could we do something better when we encode to mp4? 
 
Mike, As mentioned earlier in this thread, we have strict SLA requirements from the end of playback. Our previous analysis for similar scenarios indicated that adding support for such media could violate SLA. Since media corruption is unpredictable, decoding every file received for playback would risk breaching SLA and negatively impact the customer playback experience.
 
Okay, understood, thank you. Rich I don't see anything we could do better here. Going to close this swarm as we cannot reproduce the issue in the lab
 "
15,API - Agent API Missing Hire Date,API not always returning hireDate; affects some agents. Example agent returns null; observed since March 2026.,UserHub sending null HireDate to ACD; needs fix via lambdas.,UserHub API has value; mismatch due to different data source.,InData sync via lambda missing correct value; ACD ready; UserHub action needed.,Moved to UserHub team; product discussion initiated.
16,Agents Receiving Email Interactions in Unavailable Status,Agents received emails while unavailable due to Auto Parked Email limit changed from 0 to 25 without approval.,Initial investigation; suspected system/previous changes.,Static Delivery used; recommend Omni Channel to avoid issue.,Auto reset caused by weekly job/UserHub updates; bug AAD-47814 logged and fix planned.,Customer informed; KI planned; recommend Omni Channel migration.
17,Recordings deleted earlier than expected retention period.,"Customer reports recordings from 01/27/2026 (including CID 803807763423) are gone, but their retention policy is 180 days. Concerned about premature deletion.",Checked deletion logs - records were purged by the retention job. Verifying which retention value was applied.,Tomas Novak found two retention policies applied to the business unit; the shorter one took precedence due to ordering.,Daniel Cohen confirmed the policy conflict. Corrected ordering so the longer retention applies going forward; deleted media is not recoverable.,Conflicting retention policies caused early purge. Policy ordering fixed; customer informed deleted recordings cannot be restored.
18,Recording is fine in storage; voice and screen appear to be just over 10 minutes long but playback stops early.,"We have analyzed the media and found the uploaded media has corrupt packets, so playback stops at 1:55. Analyzed via ffmpeg. Segment f4037b9c-0f25-60d2-bca4-4a3a1728ee60 on UK1, recorded 01/14/2026. Need to confirm whether the corruption is internal to NICE or originated on the customer side.","The corruption is on the audio media uploaded to File Storage. Customer reports they can play the full recording outside CXone by downloading it, and asks why the issue would not persist outside the player.","In CXone Player, playback uses an HTML video element to decode the stream. When the file has corrupt or incomplete packets the decode is disrupted and playback stops. Olga Petrova ran ffmpeg -i <input> -f null - on the audio-only file from File Storage and confirmed the corrupt packets.","Due to strict playback SLAs and on-the-fly stream switching, re-encoding or correction at the playback stage is not feasible - this must be addressed at the recording stage. Hiroshi Tanaka confirmed the recorder logs showed zero issues at capture, so cause is unclear.",Cannot reproduce in lab; corrupt packets confirmed at File Storage. Customer advised to download and use an external player. Swarm closed.
19,"Recording for a single CID is returning ""Playback Unavailable - Error 9002"" across multiple applications. The recording shows as available in active storage but cannot be played back.","Single CID affected - no other recordings reported with this issue. Active storage - MAX Agent confirms the recording is present, not archived or deleted. All users affected including impersonated admin with full Administrator permissions, which rules out a permissions issue. Error occurs in both MAX Agent and Quality Planner. Error: Playback Unavailable - Error 9002. CID 501440055801.","Reproduced from Quality Planner. Get file shows the recording is in Storage, Active Playable, and complete. File name: 2026-04-06-17-55-42_501440055801_VOICE_76080f45-079f-372f-a317-c89d9b14cd8a.mp4. Same error in MAX Agent. Routing to Mpower Recording.",Updating Anita from the customer side. James Whitaker please review. Will analyse and update by tomorrow.,"There are two recordings in this segment: one is in failed status and the other is a statement recording, which is not playable in the player as per design. Vinayak Bhati checked from the recording side - the first recording is showing a failed status.",'Failed' recording is actually a 'Short' recording which was not captured. KI shared with customer.
20,Recording playback is extremely slow / constantly buffering.,Playback for CID 812040124123 and others buffers every few seconds for users in the APAC region. Download works fine.,Storage and file integrity confirmed good. Issue appears network/CDN related rather than media.,"Laura Bianchi ran a HAR capture - segment requests are taking 11s each, suggesting a CDN edge or routing issue for that region.",Priya Nair confirmed with the platform team that one CDN edge node was unhealthy and pulled it from rotation.,Unhealthy CDN edge node caused buffering. Node removed from rotation; playback latency back to normal.
21,Screen recording plays back as a black/blank screen while the voice portion plays normally.,Customer reports the agent screen recording for CID 158628775857 shows only a black frame on playback. Voice audio is intact. Observed on multiple interactions for the same agent workstation.,"Checked the segment in File Storage - voice file present and playable, screen file size is abnormally small (39 KB).",Arjun Mehta suspects the Screen Agent did not capture frames - likely a display driver or multi-monitor scaling issue on the agent machine.,Priya Nair confirmed the screen recorder uploaded an almost-empty stream. Recommend updating the Screen Agent and verifying GPU/driver on the affected workstation.,Root cause traced to outdated Screen Agent on the workstation. Agent reinstalled; subsequent recordings captured correctly.
22,Encrypted recordings fail to play with a decryption error.,"Customer using recording encryption reports playback fails for CID 998928434940 with a key/decrypt error, while older recordings play fine.",Confirmed the media is present; failure is at the decrypt step in the player.,Marco Rossi found a recent key rotation - newer recordings reference a key version the playback service had not picked up.,James Whitaker refreshed the key cache on the playback service; affected recordings now decrypt and play.,"Key rotation not propagated to playback service. Key cache refreshed; playback restored, monitoring added on rotation."
23,Bulk recording export / download fails or produces empty files.,Customer's scheduled export including CID 761033883457 completes with 0-byte files for a subset of interactions. Others in the same job are fine.,Checked the export job - 40 of the segments failed to package. The failed ones are all screen recordings.,Saranya Rao found the export packager timed out on large screen files exceeding the size threshold.,Tomas Novak re-ran the export with the failed segments split into smaller batches; files packaged correctly.,Export packager timed out on oversized screen files. Batch size reduced; defect logged to raise the packager timeout.
24,Playing one interaction returns the audio of a different interaction.,Agent opened CID 643479445825 but the audio played belongs to CID 431539274967 (different customer). Potential data-privacy concern; escalated.,Confirmed the metadata for 643479445825 points to the media file of 431539274967. Looks like a segment association error.,Wei Chen traced a mismatched segment ID written during stitching for a transferred/conferenced call.,Hiroshi Tanaka confirmed the association bug occurs on specific transfer scenarios; corrected the affected records.,Segment association error on transferred calls mapped wrong media. Records corrected; defect logged to recording stitching.
25,Recordings not appearing in Search & Replay despite existing.,Recordings such as CID 229964865348 are missing from Search & Replay results but are reachable via direct Contact History link.,Media and Contact History entries exist; the search index has no entry for these CIDs.,Kevin Park found the indexing job skipped a window due to a transient error and did not retry.,Wei Chen re-indexed the affected time range; recordings now searchable.,Search indexing gap from a transient failure. Affected window re-indexed; retry logic flagged for hardening.
26,Interaction exists in Contact History but the recording is missing entirely.,CID 530300936669 appears in Contact History Report with talk time but there is no associated recording. Customer expects 100% recording on this queue. No archive entry found.,Get file returns no media for the segment. Checked both active and archive storage - nothing present.,Sandeep Kulkarni reviewed recorder logs for the timestamp - no recording trigger received for this contact. Possible recording rule / business unit mapping gap.,Saranya Rao confirmed the recording control did not start; the call matched a queue not included in the recording profile.,Recording profile did not cover the queue. Profile updated; customer informed prior interactions cannot be recovered.
27,On-demand recording does not start when the agent triggers it.,Agents using on-demand recording report that pressing record has no effect for some calls (e.g. CID 644216680255); no recording is produced.,Reproduced - the on-demand toggle sends the request but no recording control session is created for certain skills.,"Megan O'Brien found those skills were set to 'Do Not Record' at profile level, which overrides the on-demand request.",Priya Nair confirmed the profile precedence; recommend setting the skills to on-demand-eligible.,Profile 'Do Not Record' overrode on-demand. Skills reconfigured to allow on-demand; validated.
28,Archived recording fails to retrieve / rehydrate for playback.,"Customer attempted to play an archived recording (CID 169427120716, 04/01/2026) and it does not return after the expected rehydration window.",Confirmed the recording is in cold/archive storage. Retrieval request submitted but the object did not return to active.,Saranya Rao checked the archive job - the retrieval request errored on a lifecycle policy mismatch.,Megan O'Brien re-submitted the rehydration with corrected parameters; recording now retrievable.,Archive lifecycle policy mismatch blocked retrieval. Re-submitted successfully; recording playable after rehydration.
29,Recording is truncated - playback far shorter than the actual call duration.,Contact History shows CID 843407328329 talk time of 15 minutes but the recording is only 3 minutes long.,File in storage matches the short duration; the rest of the call was not captured.,"Vinayak Bhati found the recorder lost the media stream mid-call (RTP gap), so capture stopped while the call continued.",Megan O'Brien confirmed an RTP timeout on the recorder during a network blip; the remainder was never received.,RTP stream loss mid-call truncated the recording. Network event confirmed; recorder timeout settings reviewed.
30,Recording exists but transcription / analytics did not generate.,CID 920583406466 has a playable recording but no transcript appears in Interaction Analytics. Affecting 8 interactions on one queue.,Confirmed media is present and playable. Transcription job shows no submission for these CIDs.,"Daniel Cohen found the analytics profile was not enabled for the affected skill, so recordings were not queued for transcription.",Cfir Moshe enabled the profile and reprocessed a sample - transcripts now generating.,Analytics profile not enabled for the skill. Enabled and reprocessed; historical reprocessing scheduled.
31,Voice and screen are out of sync on playback.,"For CID 247121991311, screen lags audio by ~8 seconds and the drift increases toward the end of the recording. Reported by the QM team reviewing evaluations.",Both voice and screen files are present and complete in storage; the merge timing appears off during stitching.,Vinayak Bhati notes the screen recording required a timing fix during the merge of the video segments - similar to prior known cases.,James Whitaker confirmed clock drift between the screen agent and recorder caused the offset; applied the timing correction at stitch.,Clock drift on the screen agent caused A/V offset. Timing fix applied; agent time sync (NTP) corrected on the workstation.
32,PCI pause/resume not masking - sensitive audio audible in recording.,"During payment capture on CID 301603131174, the recording should pause but the card details are audible on playback. Compliance-impacting; customer escalated.",Reviewed the recording - pause event present in metadata but audio continued. API pause command timing under review.,"Cfir Moshe found the pause API call was acknowledged ~4s late, so a window of audio was captured before masking took effect.",Saranya Rao confirmed an integration delay between the agent app and recording control. Recommend stop-record (not pause) for PCI segments.,Pause latency confirmed. Customer moved to full stop-record for payment steps; defect logged for pause acknowledgment timing.
33,Supervisors cannot play recordings they should have access to.,A group of supervisors get 'You do not have permission' when opening recordings (e.g. CID 331336362692) for agents in their team.,"Confirmed the recordings play fine for an admin, so media is healthy - this is a permissions/scope issue.",Daniel Cohen checked the supervisors' view/role - the team view does not include the agents' current business unit after a recent reorg.,Laura Bianchi updated the view scope to include the moved agents; playback now works for the supervisors.,View scope did not cover reorganized agents. Scope updated; supervisors can now access the recordings.
34,Recordings stuck in 'Processing' / 'Pending Upload' and never become playable.,A batch of recordings including CID 888054489203 has been in Pending Upload state for over 7 hours. Customer cannot play or export them.,Confirmed upload queue backlog on CA1. Files exist on the recorder but have not transferred to File Storage.,Saranya Rao found the upload worker had stalled due to a credential/token expiry. Restarted the service.,Ravi Teja confirmed the backlog is draining; affected CIDs becoming playable.,"Upload service token expiry caused the stall. Service restarted, backlog cleared, monitoring added on upload lag."
35,Recording plays but has no audio on one or both channels.,Playback for CID 194276116378 runs the full duration with no audible audio. Waveform shows flat line on the customer channel. Reported across 4 interactions.,Storage shows the file as Pending Upload. Downloaded file confirms one silent channel.,"Vinayak Bhati checked SIPREC/RTP capture - one media leg appears not to have reached the recorder, pointing to a telephony/SBC config issue.",Kevin Park verified the recorder received only a single RTP stream for these calls. Handing to the voice/telephony team for SBC review.,Confirmed missing media leg at the SBC. Routed to telephony team; config corrected and validated on test calls.
36,"Recording for a single CID is returning ""Playback Unavailable - Error 9002"" across multiple applications. The recording shows as available in active storage but cannot be played back.","Single CID affected - no other recordings reported with this issue. Active storage - Quality Planner confirms the recording is present, not archived or deleted. All users affected including impersonated admin with full Administrator permissions, which rules out a permissions issue. Error occurs in both Quality Planner and CXone Player. Error: Playback Unavailable - Error 9002. CID 534336588206.","Reproduced from CXone Player. Get file shows the recording is in Storage, Active Playable, and complete. File name: 2026-01-13-14-50-18_534336588206_VOICE_f9125cfa-3c53-fab2-dda9-b53f4bd53a6e.mp4. Same error in Quality Planner. Routing to Mpower Recording.",Updating the customer's QM lead. Marco Rossi please review. Will analyse and update by tomorrow.,"There are two recordings in this segment: one is in failed status and the other is a statement recording, which is not playable in the player as per design. Richard Palmer checked from the recording side - the first recording is showing a failed status.",'Failed' recording is actually a 'Short' recording which was not captured. KI shared with customer.
37,Recording plays but has no audio on one or both channels.,Playback for CID 264672991750 runs the full duration with no audible audio. Waveform shows flat line on the customer channel. Reported across 11 interactions.,"Storage shows the file as Active, complete. Downloaded file confirms one silent channel.","Vinayak Bhati checked SIPREC/RTP capture - one media leg appears not to have reached the recorder, pointing to a telephony/SBC config issue.",Sandeep Kulkarni verified the recorder received only a single RTP stream for these calls. Handing to the voice/telephony team for SBC review.,Confirmed missing media leg at the SBC. Routed to telephony team; config corrected and validated on test calls.
38,PCI pause/resume not masking - sensitive audio audible in recording.,"During payment capture on CID 843388511229, the recording should pause but the card details are audible on playback. Compliance-impacting; customer escalated.",Reviewed the recording - pause event present in metadata but audio continued. API pause command timing under review.,"Ravi Teja found the pause API call was acknowledged ~2s late, so a window of audio was captured before masking took effect.",Wei Chen confirmed an integration delay between the agent app and recording control. Recommend stop-record (not pause) for PCI segments.,Pause latency confirmed. Customer moved to full stop-record for payment steps; defect logged for pause acknowledgment timing.
39,Encrypted recordings fail to play with a decryption error.,"Customer using recording encryption reports playback fails for CID 448753449762 with a key/decrypt error, while older recordings play fine.",Confirmed the media is present; failure is at the decrypt step in the player.,Olga Petrova found a recent key rotation - newer recordings reference a key version the playback service had not picked up.,Marco Rossi refreshed the key cache on the playback service; affected recordings now decrypt and play.,"Key rotation not propagated to playback service. Key cache refreshed; playback restored, monitoring added on rotation."
40,Archived recording fails to retrieve / rehydrate for playback.,"Customer attempted to play an archived recording (CID 343643446833, 01/05/2026) and it does not return after the expected rehydration window.",Confirmed the recording is in cold/archive storage. Retrieval request submitted but the object did not return to active.,Olga Petrova checked the archive job - the retrieval request errored on a lifecycle policy mismatch.,Richard Palmer re-submitted the rehydration with corrected parameters; recording now retrievable.,Archive lifecycle policy mismatch blocked retrieval. Re-submitted successfully; recording playable after rehydration.
41,Recording playback is extremely slow / constantly buffering.,Playback for CID 534496416870 and others buffers every few seconds for users in the US East region. Download works fine.,Storage and file integrity confirmed good. Issue appears network/CDN related rather than media.,"Priya Nair ran a HAR capture - segment requests are taking 6s each, suggesting a CDN edge or routing issue for that region.",Olga Petrova confirmed with the platform team that one CDN edge node was unhealthy and pulled it from rotation.,Unhealthy CDN edge node caused buffering. Node removed from rotation; playback latency back to normal.
42,Supervisors cannot play recordings they should have access to.,A group of supervisors get 'You do not have permission' when opening recordings (e.g. CID 525859977655) for agents in their team.,"Confirmed the recordings play fine for an admin, so media is healthy - this is a permissions/scope issue.",James Whitaker checked the supervisors' view/role - the team view does not include the agents' current business unit after a recent reorg.,Olga Petrova updated the view scope to include the moved agents; playback now works for the supervisors.,View scope did not cover reorganized agents. Scope updated; supervisors can now access the recordings.
43,On-demand recording does not start when the agent triggers it.,Agents using on-demand recording report that pressing record has no effect for some calls (e.g. CID 980902572360); no recording is produced.,Reproduced - the on-demand toggle sends the request but no recording control session is created for certain skills.,"Daniel Cohen found those skills were set to 'Do Not Record' at profile level, which overrides the on-demand request.",Richard Palmer confirmed the profile precedence; recommend setting the skills to on-demand-eligible.,Profile 'Do Not Record' overrode on-demand. Skills reconfigured to allow on-demand; validated.
44,Playing one interaction returns the audio of a different interaction.,Agent opened CID 704194056141 but the audio played belongs to CID 753546459271 (different customer). Potential data-privacy concern; escalated.,Confirmed the metadata for 704194056141 points to the media file of 753546459271. Looks like a segment association error.,Hiroshi Tanaka traced a mismatched segment ID written during stitching for a transferred/conferenced call.,Kevin Park confirmed the association bug occurs on specific transfer scenarios; corrected the affected records.,Segment association error on transferred calls mapped wrong media. Records corrected; defect logged to recording stitching.
45,Recording exists but transcription / analytics did not generate.,CID 309483150716 has a playable recording but no transcript appears in Interaction Analytics. Affecting 34 interactions on one queue.,Confirmed media is present and playable. Transcription job shows no submission for these CIDs.,"Anita Desai found the analytics profile was not enabled for the affected skill, so recordings were not queued for transcription.",Tomas Novak enabled the profile and reprocessed a sample - transcripts now generating.,Analytics profile not enabled for the skill. Enabled and reprocessed; historical reprocessing scheduled.
46,Interaction exists in Contact History but the recording is missing entirely.,CID 874914159776 appears in Contact History Report with talk time but there is no associated recording. Customer expects 100% recording on this queue. No archive entry found.,Get file returns no media for the segment. Checked both active and archive storage - nothing present.,Ravi Teja reviewed recorder logs for the timestamp - no recording trigger received for this contact. Possible recording rule / business unit mapping gap.,Priya Nair confirmed the recording control did not start; the call matched a queue not included in the recording profile.,Recording profile did not cover the queue. Profile updated; customer informed prior interactions cannot be recovered.
47,Recordings not appearing in Search & Replay despite existing.,Recordings such as CID 773771213119 are missing from Search & Replay results but are reachable via direct Contact History link.,Media and Contact History entries exist; the search index has no entry for these CIDs.,Daniel Cohen found the indexing job skipped a window due to a transient error and did not retry.,Tomas Novak re-indexed the affected time range; recordings now searchable.,Search indexing gap from a transient failure. Affected window re-indexed; retry logic flagged for hardening.
48,Bulk recording export / download fails or produces empty files.,Customer's scheduled export including CID 620622987162 completes with 0-byte files for a subset of interactions. Others in the same job are fine.,Checked the export job - 27 of the segments failed to package. The failed ones are all screen recordings.,Daniel Cohen found the export packager timed out on large screen files exceeding the size threshold.,Arjun Mehta re-ran the export with the failed segments split into smaller batches; files packaged correctly.,Export packager timed out on oversized screen files. Batch size reduced; defect logged to raise the packager timeout.
49,Voice and screen are out of sync on playback.,"For CID 492324528203, screen lags audio by ~20 seconds and the drift increases toward the end of the recording. Reported by the QM team reviewing evaluations.",Both voice and screen files are present and complete in storage; the merge timing appears off during stitching.,Marco Rossi notes the screen recording required a timing fix during the merge of the video segments - similar to prior known cases.,Arjun Mehta confirmed clock drift between the screen agent and recorder caused the offset; applied the timing correction at stitch.,Clock drift on the screen agent caused A/V offset. Timing fix applied; agent time sync (NTP) corrected on the workstation.
50,Recording is truncated - playback far shorter than the actual call duration.,Contact History shows CID 432951703327 talk time of 42 minutes but the recording is only 8 minutes long.,File in storage matches the short duration; the rest of the call was not captured.,"Saranya Rao found the recorder lost the media stream mid-call (RTP gap), so capture stopped while the call continued.",Vinayak Bhati confirmed an RTP timeout on the recorder during a network blip; the remainder was never received.,RTP stream loss mid-call truncated the recording. Network event confirmed; recorder timeout settings reviewed.
51,Recordings deleted earlier than expected retention period.,"Customer reports recordings from 06/15/2026 (including CID 218474116327) are gone, but their retention policy is 730 days. Concerned about premature deletion.",Checked deletion logs - records were purged by the retention job. Verifying which retention value was applied.,Daniel Cohen found two retention policies applied to the business unit; the shorter one took precedence due to ordering.,Tomas Novak confirmed the policy conflict. Corrected ordering so the longer retention applies going forward; deleted media is not recoverable.,Conflicting retention policies caused early purge. Policy ordering fixed; customer informed deleted recordings cannot be restored.
52,Recordings stuck in 'Processing' / 'Pending Upload' and never become playable.,A batch of recordings including CID 592540579554 has been in Pending Upload state for over 39 hours. Customer cannot play or export them.,Confirmed upload queue backlog on EU1. Files exist on the recorder but have not transferred to File Storage.,Richard Palmer found the upload worker had stalled due to a credential/token expiry. Restarted the service.,Kevin Park confirmed the backlog is draining; affected CIDs becoming playable.,"Upload service token expiry caused the stall. Service restarted, backlog cleared, monitoring added on upload lag."
53,Recording is fine in storage; voice and screen appear to be just over 10 minutes long but playback stops early.,"We have analyzed the media and found the uploaded media has corrupt packets, so playback stops at 2:25. Analyzed via ffmpeg. Segment 13109394-7a2f-92cd-8fff-20a6802fb1ad on EU2, recorded 05/23/2026. Need to confirm whether the corruption is internal to NICE or originated on the customer side.","The corruption is on the audio media uploaded to File Storage. Customer reports they can play the full recording outside CXone by downloading it, and asks why the issue would not persist outside the player.","In CXone Player, playback uses an HTML video element to decode the stream. When the file has corrupt or incomplete packets the decode is disrupted and playback stops. Laura Bianchi ran ffmpeg -i <input> -f null - on the audio-only file from File Storage and confirmed the corrupt packets.","Due to strict playback SLAs and on-the-fly stream switching, re-encoding or correction at the playback stage is not feasible - this must be addressed at the recording stage. Yael Levi confirmed the recorder logs showed zero issues at capture, so cause is unclear.",Cannot reproduce in lab; corrupt packets confirmed at File Storage. Customer advised to download and use an external player. Swarm closed.
54,Screen recording plays back as a black/blank screen while the voice portion plays normally.,Customer reports the agent screen recording for CID 269587136976 shows only a black frame on playback. Voice audio is intact. Observed on multiple interactions for the same agent workstation.,"Checked the segment in File Storage - voice file present and playable, screen file size is abnormally small (26 KB).",Megan O'Brien suspects the Screen Agent did not capture frames - likely a display driver or multi-monitor scaling issue on the agent machine.,Marco Rossi confirmed the screen recorder uploaded an almost-empty stream. Recommend updating the Screen Agent and verifying GPU/driver on the affected workstation.,Root cause traced to outdated Screen Agent on the workstation. Agent reinstalled; subsequent recordings captured correctly.
55,"Recording for a single CID is returning ""Playback Unavailable - Error 8101"" across multiple applications. The recording shows as available in active storage but cannot be played back.","Single CID affected - no other recordings reported with this issue. Active storage - CXone Player confirms the recording is present, not archived or deleted. All users affected including impersonated admin with full Administrator permissions, which rules out a permissions issue. Error occurs in both CXone Player and Interactions Hub. Error: Playback Unavailable - Error 8101. CID 161530549239.","Reproduced from Interactions Hub. Get file shows the recording is in Storage, Active Playable, and complete. File name: 2026-01-31-06-39-53_161530549239_VOICE_df1770c1-f83e-c424-e727-8c2e70191e84.mp4. Same error in CXone Player. Routing to Mpower Recording.",Updating the BPO admin. Ravi Teja please review. Will analyse and update by tomorrow.,"There are two recordings in this segment: one is in failed status and the other is a statement recording, which is not playable in the player as per design. Arjun Mehta checked from the recording side - the first recording is showing a failed status.",'Failed' recording is actually a 'Short' recording which was not captured. KI shared with customer.
56,Recording playback is extremely slow / constantly buffering.,Playback for CID 433002454647 and others buffers every few seconds for users in the APAC region. Download works fine.,Storage and file integrity confirmed good. Issue appears network/CDN related rather than media.,"Ravi Teja ran a HAR capture - segment requests are taking 6s each, suggesting a CDN edge or routing issue for that region.",Marco Rossi confirmed with the platform team that one CDN edge node was unhealthy and pulled it from rotation.,Unhealthy CDN edge node caused buffering. Node removed from rotation; playback latency back to normal.
57,On-demand recording does not start when the agent triggers it.,Agents using on-demand recording report that pressing record has no effect for some calls (e.g. CID 800033829698); no recording is produced.,Reproduced - the on-demand toggle sends the request but no recording control session is created for certain skills.,"Cfir Moshe found those skills were set to 'Do Not Record' at profile level, which overrides the on-demand request.",Megan O'Brien confirmed the profile precedence; recommend setting the skills to on-demand-eligible.,Profile 'Do Not Record' overrode on-demand. Skills reconfigured to allow on-demand; validated.
58,Voice and screen are out of sync on playback.,"For CID 968669541691, screen lags audio by ~12 seconds and the drift increases toward the end of the recording. Reported by the QM team reviewing evaluations.",Both voice and screen files are present and complete in storage; the merge timing appears off during stitching.,Hiroshi Tanaka notes the screen recording required a timing fix during the merge of the video segments - similar to prior known cases.,Tomas Novak confirmed clock drift between the screen agent and recorder caused the offset; applied the timing correction at stitch.,Clock drift on the screen agent caused A/V offset. Timing fix applied; agent time sync (NTP) corrected on the workstation.
59,Playing one interaction returns the audio of a different interaction.,Agent opened CID 695165169986 but the audio played belongs to CID 402637962340 (different customer). Potential data-privacy concern; escalated.,Confirmed the metadata for 695165169986 points to the media file of 402637962340. Looks like a segment association error.,Marco Rossi traced a mismatched segment ID written during stitching for a transferred/conferenced call.,Hiroshi Tanaka confirmed the association bug occurs on specific transfer scenarios; corrected the affected records.,Segment association error on transferred calls mapped wrong media. Records corrected; defect logged to recording stitching.
60,PCI pause/resume not masking - sensitive audio audible in recording.,"During payment capture on CID 359169025123, the recording should pause but the card details are audible on playback. Compliance-impacting; customer escalated.",Reviewed the recording - pause event present in metadata but audio continued. API pause command timing under review.,"Daniel Cohen found the pause API call was acknowledged ~2s late, so a window of audio was captured before masking took effect.",Arjun Mehta confirmed an integration delay between the agent app and recording control. Recommend stop-record (not pause) for PCI segments.,Pause latency confirmed. Customer moved to full stop-record for payment steps; defect logged for pause acknowledgment timing.
61,Recordings not appearing in Search & Replay despite existing.,Recordings such as CID 411127088970 are missing from Search & Replay results but are reachable via direct Contact History link.,Media and Contact History entries exist; the search index has no entry for these CIDs.,Saranya Rao found the indexing job skipped a window due to a transient error and did not retry.,Anita Desai re-indexed the affected time range; recordings now searchable.,Search indexing gap from a transient failure. Affected window re-indexed; retry logic flagged for hardening.
62,Screen recording plays back as a black/blank screen while the voice portion plays normally.,Customer reports the agent screen recording for CID 587217033853 shows only a black frame on playback. Voice audio is intact. Observed on multiple interactions for the same agent workstation.,"Checked the segment in File Storage - voice file present and playable, screen file size is abnormally small (7 KB).",Daniel Cohen suspects the Screen Agent did not capture frames - likely a display driver or multi-monitor scaling issue on the agent machine.,James Whitaker confirmed the screen recorder uploaded an almost-empty stream. Recommend updating the Screen Agent and verifying GPU/driver on the affected workstation.,Root cause traced to outdated Screen Agent on the workstation. Agent reinstalled; subsequent recordings captured correctly.
63,Recording plays but has no audio on one or both channels.,Playback for CID 923819376248 runs the full duration with no audible audio. Waveform shows flat line on the agent channel. Reported across 7 interactions.,"Storage shows the file as Active, complete. Downloaded file confirms one silent channel.","Hiroshi Tanaka checked SIPREC/RTP capture - one media leg appears not to have reached the recorder, pointing to a telephony/SBC config issue.",Kevin Park verified the recorder received only a single RTP stream for these calls. Handing to the voice/telephony team for SBC review.,Confirmed missing media leg at the SBC. Routed to telephony team; config corrected and validated on test calls.
64,Recording exists but transcription / analytics did not generate.,CID 567081272173 has a playable recording but no transcript appears in Interaction Analytics. Affecting 56 interactions on one queue.,Confirmed media is present and playable. Transcription job shows no submission for these CIDs.,"Sandeep Kulkarni found the analytics profile was not enabled for the affected skill, so recordings were not queued for transcription.",Olga Petrova enabled the profile and reprocessed a sample - transcripts now generating.,Analytics profile not enabled for the skill. Enabled and reprocessed; historical reprocessing scheduled.
65,Recordings stuck in 'Processing' / 'Pending Upload' and never become playable.,A batch of recordings including CID 964459203610 has been in Pending Upload state for over 16 hours. Customer cannot play or export them.,Confirmed upload queue backlog on NA2. Files exist on the recorder but have not transferred to File Storage.,Richard Palmer found the upload worker had stalled due to a credential/token expiry. Restarted the service.,Daniel Cohen confirmed the backlog is draining; affected CIDs becoming playable.,"Upload service token expiry caused the stall. Service restarted, backlog cleared, monitoring added on upload lag."
66,Encrypted recordings fail to play with a decryption error.,"Customer using recording encryption reports playback fails for CID 988341194876 with a key/decrypt error, while older recordings play fine.",Confirmed the media is present; failure is at the decrypt step in the player.,Arjun Mehta found a recent key rotation - newer recordings reference a key version the playback service had not picked up.,James Whitaker refreshed the key cache on the playback service; affected recordings now decrypt and play.,"Key rotation not propagated to playback service. Key cache refreshed; playback restored, monitoring added on rotation."
67,Interaction exists in Contact History but the recording is missing entirely.,CID 642818236704 appears in Contact History Report with talk time but there is no associated recording. Customer expects 100% recording on this queue. No archive entry found.,Get file returns no media for the segment. Checked both active and archive storage - nothing present.,Saranya Rao reviewed recorder logs for the timestamp - no recording trigger received for this contact. Possible recording rule / business unit mapping gap.,Marco Rossi confirmed the recording control did not start; the call matched a queue not included in the recording profile.,Recording profile did not cover the queue. Profile updated; customer informed prior interactions cannot be recovered.
68,Supervisors cannot play recordings they should have access to.,A group of supervisors get 'You do not have permission' when opening recordings (e.g. CID 578202206108) for agents in their team.,"Confirmed the recordings play fine for an admin, so media is healthy - this is a permissions/scope issue.",Anita Desai checked the supervisors' view/role - the team view does not include the agents' current business unit after a recent reorg.,Saranya Rao updated the view scope to include the moved agents; playback now works for the supervisors.,View scope did not cover reorganized agents. Scope updated; supervisors can now access the recordings.
69,Recording is truncated - playback far shorter than the actual call duration.,Contact History shows CID 645584509670 talk time of 25 minutes but the recording is only 3 minutes long.,File in storage matches the short duration; the rest of the call was not captured.,"Hiroshi Tanaka found the recorder lost the media stream mid-call (RTP gap), so capture stopped while the call continued.",Saranya Rao confirmed an RTP timeout on the recorder during a network blip; the remainder was never received.,RTP stream loss mid-call truncated the recording. Network event confirmed; recorder timeout settings reviewed.
70,Bulk recording export / download fails or produces empty files.,Customer's scheduled export including CID 672054700040 completes with 0-byte files for a subset of interactions. Others in the same job are fine.,Checked the export job - 3 of the segments failed to package. The failed ones are all screen recordings.,Hiroshi Tanaka found the export packager timed out on large screen files exceeding the size threshold.,Olga Petrova re-ran the export with the failed segments split into smaller batches; files packaged correctly.,Export packager timed out on oversized screen files. Batch size reduced; defect logged to raise the packager timeout.
71,Recording is fine in storage; voice and screen appear to be just over 10 minutes long but playback stops early.,"We have analyzed the media and found the uploaded media has corrupt packets, so playback stops at 7:15. Analyzed via ffmpeg. Segment 43b40199-c328-14fa-eb03-766886082816 on NA2, recorded 06/02/2026. Need to confirm whether the corruption is internal to NICE or originated on the customer side.","The corruption is on the audio media uploaded to File Storage. Customer reports they can play the full recording outside CXone by downloading it, and asks why the issue would not persist outside the player.","In CXone Player, playback uses an HTML video element to decode the stream. When the file has corrupt or incomplete packets the decode is disrupted and playback stops. Daniel Cohen ran ffmpeg -i <input> -f null - on the audio-only file from File Storage and confirmed the corrupt packets.","Due to strict playback SLAs and on-the-fly stream switching, re-encoding or correction at the playback stage is not feasible - this must be addressed at the recording stage. Marco Rossi confirmed the recorder logs showed zero issues at capture, so cause is unclear.",Cannot reproduce in lab; corrupt packets confirmed at File Storage. Customer advised to download and use an external player. Swarm closed.
72,Archived recording fails to retrieve / rehydrate for playback.,"Customer attempted to play an archived recording (CID 124965102443, 03/19/2026) and it does not return after the expected rehydration window.",Confirmed the recording is in cold/archive storage. Retrieval request submitted but the object did not return to active.,James Whitaker checked the archive job - the retrieval request errored on a lifecycle policy mismatch.,Vinayak Bhati re-submitted the rehydration with corrected parameters; recording now retrievable.,Archive lifecycle policy mismatch blocked retrieval. Re-submitted successfully; recording playable after rehydration.
73,Recordings deleted earlier than expected retention period.,"Customer reports recordings from 01/27/2026 (including CID 109654522846) are gone, but their retention policy is 90 days. Concerned about premature deletion.",Checked deletion logs - records were purged by the retention job. Verifying which retention value was applied.,Wei Chen found two retention policies applied to the business unit; the shorter one took precedence due to ordering.,Anita Desai confirmed the policy conflict. Corrected ordering so the longer retention applies going forward; deleted media is not recoverable.,Conflicting retention policies caused early purge. Policy ordering fixed; customer informed deleted recordings cannot be restored.
74,On-demand recording does not start when the agent triggers it.,Agents using on-demand recording report that pressing record has no effect for some calls (e.g. CID 145474793857); no recording is produced.,Reproduced - the on-demand toggle sends the request but no recording control session is created for certain skills.,"Kevin Park found those skills were set to 'Do Not Record' at profile level, which overrides the on-demand request.",Tomas Novak confirmed the profile precedence; recommend setting the skills to on-demand-eligible.,Profile 'Do Not Record' overrode on-demand. Skills reconfigured to allow on-demand; validated.
75,Encrypted recordings fail to play with a decryption error.,"Customer using recording encryption reports playback fails for CID 913758828017 with a key/decrypt error, while older recordings play fine.",Confirmed the media is present; failure is at the decrypt step in the player.,Priya Nair found a recent key rotation - newer recordings reference a key version the playback service had not picked up.,Olga Petrova refreshed the key cache on the playback service; affected recordings now decrypt and play.,"Key rotation not propagated to playback service. Key cache refreshed; playback restored, monitoring added on rotation."
76,PCI pause/resume not masking - sensitive audio audible in recording.,"During payment capture on CID 244952626174, the recording should pause but the card details are audible on playback. Compliance-impacting; customer escalated.",Reviewed the recording - pause event present in metadata but audio continued. API pause command timing under review.,"Cfir Moshe found the pause API call was acknowledged ~5s late, so a window of audio was captured before masking took effect.",Vinayak Bhati confirmed an integration delay between the agent app and recording control. Recommend stop-record (not pause) for PCI segments.,Pause latency confirmed. Customer moved to full stop-record for payment steps; defect logged for pause acknowledgment timing.
77,Playing one interaction returns the audio of a different interaction.,Agent opened CID 116636398482 but the audio played belongs to CID 133169867532 (different customer). Potential data-privacy concern; escalated.,Confirmed the metadata for 116636398482 points to the media file of 133169867532. Looks like a segment association error.,Cfir Moshe traced a mismatched segment ID written during stitching for a transferred/conferenced call.,Ravi Teja confirmed the association bug occurs on specific transfer scenarios; corrected the affected records.,Segment association error on transferred calls mapped wrong media. Records corrected; defect logged to recording stitching.
78,Recording plays but has no audio on one or both channels.,Playback for CID 661914111197 runs the full duration with no audible audio. Waveform shows flat line on the customer channel. Reported across 6 interactions.,Storage shows the file as Archived. Downloaded file confirms one silent channel.,"Anita Desai checked SIPREC/RTP capture - one media leg appears not to have reached the recorder, pointing to a telephony/SBC config issue.",Richard Palmer verified the recorder received only a single RTP stream for these calls. Handing to the voice/telephony team for SBC review.,Confirmed missing media leg at the SBC. Routed to telephony team; config corrected and validated on test calls.
79,Interaction exists in Contact History but the recording is missing entirely.,CID 941215812753 appears in Contact History Report with talk time but there is no associated recording. Customer expects 100% recording on this queue. No archive entry found.,Get file returns no media for the segment. Checked both active and archive storage - nothing present.,Laura Bianchi reviewed recorder logs for the timestamp - no recording trigger received for this contact. Possible recording rule / business unit mapping gap.,Daniel Cohen confirmed the recording control did not start; the call matched a queue not included in the recording profile.,Recording profile did not cover the queue. Profile updated; customer informed prior interactions cannot be recovered.
80,Bulk recording export / download fails or produces empty files.,Customer's scheduled export including CID 866249170530 completes with 0-byte files for a subset of interactions. Others in the same job are fine.,Checked the export job - 36 of the segments failed to package. The failed ones are all screen recordings.,Sandeep Kulkarni found the export packager timed out on large screen files exceeding the size threshold.,Richard Palmer re-ran the export with the failed segments split into smaller batches; files packaged correctly.,Export packager timed out on oversized screen files. Batch size reduced; defect logged to raise the packager timeout.
81,Archived recording fails to retrieve / rehydrate for playback.,"Customer attempted to play an archived recording (CID 589714628675, 03/26/2026) and it does not return after the expected rehydration window.",Confirmed the recording is in cold/archive storage. Retrieval request submitted but the object did not return to active.,Vinayak Bhati checked the archive job - the retrieval request errored on a lifecycle policy mismatch.,James Whitaker re-submitted the rehydration with corrected parameters; recording now retrievable.,Archive lifecycle policy mismatch blocked retrieval. Re-submitted successfully; recording playable after rehydration.
82,Recording playback is extremely slow / constantly buffering.,Playback for CID 770303324567 and others buffers every few seconds for users in the US East region. Download works fine.,Storage and file integrity confirmed good. Issue appears network/CDN related rather than media.,"Anita Desai ran a HAR capture - segment requests are taking 11s each, suggesting a CDN edge or routing issue for that region.",Yael Levi confirmed with the platform team that one CDN edge node was unhealthy and pulled it from rotation.,Unhealthy CDN edge node caused buffering. Node removed from rotation; playback latency back to normal.
83,Recordings not appearing in Search & Replay despite existing.,Recordings such as CID 111362268186 are missing from Search & Replay results but are reachable via direct Contact History link.,Media and Contact History entries exist; the search index has no entry for these CIDs.,Ravi Teja found the indexing job skipped a window due to a transient error and did not retry.,Hiroshi Tanaka re-indexed the affected time range; recordings now searchable.,Search indexing gap from a transient failure. Affected window re-indexed; retry logic flagged for hardening.
84,Voice and screen are out of sync on playback.,"For CID 630781295394, screen lags audio by ~25 seconds and the drift increases toward the end of the recording. Reported by the QM team reviewing evaluations.",Both voice and screen files are present and complete in storage; the merge timing appears off during stitching.,Priya Nair notes the screen recording required a timing fix during the merge of the video segments - similar to prior known cases.,James Whitaker confirmed clock drift between the screen agent and recorder caused the offset; applied the timing correction at stitch.,Clock drift on the screen agent caused A/V offset. Timing fix applied; agent time sync (NTP) corrected on the workstation.
85,"Recording for a single CID is returning ""Playback Unavailable - Error 9002"" across multiple applications. The recording shows as available in active storage but cannot be played back.","Single CID affected - no other recordings reported with this issue. Active storage - Contact History Report confirms the recording is present, not archived or deleted. All users affected including impersonated admin with full Administrator permissions, which rules out a permissions issue. Error occurs in both Contact History Report and Search & Replay. Error: Playback Unavailable - Error 9002. CID 544293739010.","Reproduced from Search & Replay. Get file shows the recording is in Storage, Active Playable, and complete. File name: 2026-04-19-02-26-53_544293739010_VOICE_3e709390-4591-4411-73f6-10165f00118b.mp4. Same error in Contact History Report. Routing to Mpower Recording.",Updating David Mensah. Saranya Rao please review. Will analyse and update by tomorrow.,"There are two recordings in this segment: one is in failed status and the other is a statement recording, which is not playable in the player as per design. Vinayak Bhati checked from the recording side - the first recording is showing a failed status.",'Failed' recording is actually a 'Short' recording which was not captured. KI shared with customer.
86,Recording is truncated - playback far shorter than the actual call duration.,Contact History shows CID 156972862384 talk time of 39 minutes but the recording is only 7 minutes long.,File in storage matches the short duration; the rest of the call was not captured.,"Laura Bianchi found the recorder lost the media stream mid-call (RTP gap), so capture stopped while the call continued.",Kevin Park confirmed an RTP timeout on the recorder during a network blip; the remainder was never received.,RTP stream loss mid-call truncated the recording. Network event confirmed; recorder timeout settings reviewed.
87,Recordings stuck in 'Processing' / 'Pending Upload' and never become playable.,A batch of recordings including CID 884821827933 has been in Pending Upload state for over 30 hours. Customer cannot play or export them.,Confirmed upload queue backlog on UK1. Files exist on the recorder but have not transferred to File Storage.,Marco Rossi found the upload worker had stalled due to a credential/token expiry. Restarted the service.,Saranya Rao confirmed the backlog is draining; affected CIDs becoming playable.,"Upload service token expiry caused the stall. Service restarted, backlog cleared, monitoring added on upload lag."
88,Recording exists but transcription / analytics did not generate.,CID 728422171294 has a playable recording but no transcript appears in Interaction Analytics. Affecting 67 interactions on one queue.,Confirmed media is present and playable. Transcription job shows no submission for these CIDs.,"Marco Rossi found the analytics profile was not enabled for the affected skill, so recordings were not queued for transcription.",Cfir Moshe enabled the profile and reprocessed a sample - transcripts now generating.,Analytics profile not enabled for the skill. Enabled and reprocessed; historical reprocessing scheduled.
89,Supervisors cannot play recordings they should have access to.,A group of supervisors get 'You do not have permission' when opening recordings (e.g. CID 885544256359) for agents in their team.,"Confirmed the recordings play fine for an admin, so media is healthy - this is a permissions/scope issue.",Laura Bianchi checked the supervisors' view/role - the team view does not include the agents' current business unit after a recent reorg.,Vinayak Bhati updated the view scope to include the moved agents; playback now works for the supervisors.,View scope did not cover reorganized agents. Scope updated; supervisors can now access the recordings.
90,Screen recording plays back as a black/blank screen while the voice portion plays normally.,Customer reports the agent screen recording for CID 914832318244 shows only a black frame on playback. Voice audio is intact. Observed on multiple interactions for the same agent workstation.,"Checked the segment in File Storage - voice file present and playable, screen file size is abnormally small (24 KB).",Megan O'Brien suspects the Screen Agent did not capture frames - likely a display driver or multi-monitor scaling issue on the agent machine.,Richard Palmer confirmed the screen recorder uploaded an almost-empty stream. Recommend updating the Screen Agent and verifying GPU/driver on the affected workstation.,Root cause traced to outdated Screen Agent on the workstation. Agent reinstalled; subsequent recordings captured correctly.
91,Recording is fine in storage; voice and screen appear to be just over 13 minutes long but playback stops early.,"We have analyzed the media and found the uploaded media has corrupt packets, so playback stops at 3:28. Analyzed via ffmpeg. Segment 0dd7363e-4738-a6cf-fd0f-a446b35482d4 on EU1, recorded 02/24/2026. Need to confirm whether the corruption is internal to NICE or originated on the customer side.","The corruption is on the audio media uploaded to File Storage. Customer reports they can play the full recording outside CXone by downloading it, and asks why the issue would not persist outside the player.","In CXone Player, playback uses an HTML video element to decode the stream. When the file has corrupt or incomplete packets the decode is disrupted and playback stops. Wei Chen ran ffmpeg -i <input> -f null - on the audio-only file from File Storage and confirmed the corrupt packets.","Due to strict playback SLAs and on-the-fly stream switching, re-encoding or correction at the playback stage is not feasible - this must be addressed at the recording stage. Saranya Rao confirmed the recorder logs showed zero issues at capture, so cause is unclear.",Cannot reproduce in lab; corrupt packets confirmed at File Storage. Customer advised to download and use an external player. Swarm closed.
92,Recordings deleted earlier than expected retention period.,"Customer reports recordings from 01/07/2026 (including CID 398485765075) are gone, but their retention policy is 365 days. Concerned about premature deletion.",Checked deletion logs - records were purged by the retention job. Verifying which retention value was applied.,James Whitaker found two retention policies applied to the business unit; the shorter one took precedence due to ordering.,Sandeep Kulkarni confirmed the policy conflict. Corrected ordering so the longer retention applies going forward; deleted media is not recoverable.,Conflicting retention policies caused early purge. Policy ordering fixed; customer informed deleted recordings cannot be restored.
93,On-demand recording does not start when the agent triggers it.,Agents using on-demand recording report that pressing record has no effect for some calls (e.g. CID 171198904572); no recording is produced.,Reproduced - the on-demand toggle sends the request but no recording control session is created for certain skills.,"Ravi Teja found those skills were set to 'Do Not Record' at profile level, which overrides the on-demand request.",Cfir Moshe confirmed the profile precedence; recommend setting the skills to on-demand-eligible.,Profile 'Do Not Record' overrode on-demand. Skills reconfigured to allow on-demand; validated.
94,Recordings deleted earlier than expected retention period.,"Customer reports recordings from 04/05/2026 (including CID 924237387951) are gone, but their retention policy is 180 days. Concerned about premature deletion.",Checked deletion logs - records were purged by the retention job. Verifying which retention value was applied.,Hiroshi Tanaka found two retention policies applied to the business unit; the shorter one took precedence due to ordering.,Arjun Mehta confirmed the policy conflict. Corrected ordering so the longer retention applies going forward; deleted media is not recoverable.,Conflicting retention policies caused early purge. Policy ordering fixed; customer informed deleted recordings cannot be restored.
95,Recording is fine in storage; voice and screen appear to be just over 10 minutes long but playback stops early.,"We have analyzed the media and found the uploaded media has corrupt packets, so playback stops at 7:54. Analyzed via ffmpeg. Segment 2b7bb3ba-e847-2383-b40c-d87c5cbbc403 on AU1, recorded 03/12/2026. Need to confirm whether the corruption is internal to NICE or originated on the customer side.","The corruption is on the audio media uploaded to File Storage. Customer reports they can play the full recording outside CXone by downloading it, and asks why the issue would not persist outside the player.","In CXone Player, playback uses an HTML video element to decode the stream. When the file has corrupt or incomplete packets the decode is disrupted and playback stops. Richard Palmer ran ffmpeg -i <input> -f null - on the audio-only file from File Storage and confirmed the corrupt packets.","Due to strict playback SLAs and on-the-fly stream switching, re-encoding or correction at the playback stage is not feasible - this must be addressed at the recording stage. Arjun Mehta confirmed the recorder logs showed zero issues at capture, so cause is unclear.",Cannot reproduce in lab; corrupt packets confirmed at File Storage. Customer advised to download and use an external player. Swarm closed.
96,Bulk recording export / download fails or produces empty files.,Customer's scheduled export including CID 396414776157 completes with 0-byte files for a subset of interactions. Others in the same job are fine.,Checked the export job - 37 of the segments failed to package. The failed ones are all screen recordings.,Marco Rossi found the export packager timed out on large screen files exceeding the size threshold.,Megan O'Brien re-ran the export with the failed segments split into smaller batches; files packaged correctly.,Export packager timed out on oversized screen files. Batch size reduced; defect logged to raise the packager timeout.
97,Supervisors cannot play recordings they should have access to.,A group of supervisors get 'You do not have permission' when opening recordings (e.g. CID 702486184163) for agents in their team.,"Confirmed the recordings play fine for an admin, so media is healthy - this is a permissions/scope issue.",Yael Levi checked the supervisors' view/role - the team view does not include the agents' current business unit after a recent reorg.,Tomas Novak updated the view scope to include the moved agents; playback now works for the supervisors.,View scope did not cover reorganized agents. Scope updated; supervisors can now access the recordings.
98,Encrypted recordings fail to play with a decryption error.,"Customer using recording encryption reports playback fails for CID 625455447274 with a key/decrypt error, while older recordings play fine.",Confirmed the media is present; failure is at the decrypt step in the player.,Daniel Cohen found a recent key rotation - newer recordings reference a key version the playback service had not picked up.,Megan O'Brien refreshed the key cache on the playback service; affected recordings now decrypt and play.,"Key rotation not propagated to playback service. Key cache refreshed; playback restored, monitoring added on rotation."
99,Recording playback is extremely slow / constantly buffering.,Playback for CID 164679986142 and others buffers every few seconds for users in the US East region. Download works fine.,Storage and file integrity confirmed good. Issue appears network/CDN related rather than media.,"Marco Rossi ran a HAR capture - segment requests are taking 7s each, suggesting a CDN edge or routing issue for that region.",Megan O'Brien confirmed with the platform team that one CDN edge node was unhealthy and pulled it from rotation.,Unhealthy CDN edge node caused buffering. Node removed from rotation; playback latency back to normal.
100,Recording plays but has no audio on one or both channels.,Playback for CID 670610743954 runs the full duration with no audible audio. Waveform shows flat line on the customer channel. Reported across 2 interactions.,"Storage shows the file as Active, complete. Downloaded file confirms one silent channel.","Arjun Mehta checked SIPREC/RTP capture - one media leg appears not to have reached the recorder, pointing to a telephony/SBC config issue.",Cfir Moshe verified the recorder received only a single RTP stream for these calls. Handing to the voice/telephony team for SBC review.,Confirmed missing media leg at the SBC. Routed to telephony team; config corrected and validated on test calls.
101,Recording is truncated - playback far shorter than the actual call duration.,Contact History shows CID 330704130418 talk time of 40 minutes but the recording is only 6 minutes long.,File in storage matches the short duration; the rest of the call was not captured.,"Tomas Novak found the recorder lost the media stream mid-call (RTP gap), so capture stopped while the call continued.",Kevin Park confirmed an RTP timeout on the recorder during a network blip; the remainder was never received.,RTP stream loss mid-call truncated the recording. Network event confirmed; recorder timeout settings reviewed.
102,Archived recording fails to retrieve / rehydrate for playback.,"Customer attempted to play an archived recording (CID 883861302241, 06/02/2026) and it does not return after the expected rehydration window.",Confirmed the recording is in cold/archive storage. Retrieval request submitted but the object did not return to active.,Priya Nair checked the archive job - the retrieval request errored on a lifecycle policy mismatch.,Cfir Moshe re-submitted the rehydration with corrected parameters; recording now retrievable.,Archive lifecycle policy mismatch blocked retrieval. Re-submitted successfully; recording playable after rehydration.
103,Voice and screen are out of sync on playback.,"For CID 686154186646, screen lags audio by ~11 seconds and the drift increases toward the end of the recording. Reported by the QM team reviewing evaluations.",Both voice and screen files are present and complete in storage; the merge timing appears off during stitching.,Daniel Cohen notes the screen recording required a timing fix during the merge of the video segments - similar to prior known cases.,Hiroshi Tanaka confirmed clock drift between the screen agent and recorder caused the offset; applied the timing correction at stitch.,Clock drift on the screen agent caused A/V offset. Timing fix applied; agent time sync (NTP) corrected on the workstation.
104,Screen recording plays back as a black/blank screen while the voice portion plays normally.,Customer reports the agent screen recording for CID 876009115266 shows only a black frame on playback. Voice audio is intact. Observed on multiple interactions for the same agent workstation.,"Checked the segment in File Storage - voice file present and playable, screen file size is abnormally small (6 KB).",Arjun Mehta suspects the Screen Agent did not capture frames - likely a display driver or multi-monitor scaling issue on the agent machine.,Cfir Moshe confirmed the screen recorder uploaded an almost-empty stream. Recommend updating the Screen Agent and verifying GPU/driver on the affected workstation.,Root cause traced to outdated Screen Agent on the workstation. Agent reinstalled; subsequent recordings captured correctly.
105,Recording exists but transcription / analytics did not generate.,CID 411390566852 has a playable recording but no transcript appears in Interaction Analytics. Affecting 5 interactions on one queue.,Confirmed media is present and playable. Transcription job shows no submission for these CIDs.,"Laura Bianchi found the analytics profile was not enabled for the affected skill, so recordings were not queued for transcription.",Tomas Novak enabled the profile and reprocessed a sample - transcripts now generating.,Analytics profile not enabled for the skill. Enabled and reprocessed; historical reprocessing scheduled.
106,Playing one interaction returns the audio of a different interaction.,Agent opened CID 543065271573 but the audio played belongs to CID 675413794820 (different customer). Potential data-privacy concern; escalated.,Confirmed the metadata for 543065271573 points to the media file of 675413794820. Looks like a segment association error.,Kevin Park traced a mismatched segment ID written during stitching for a transferred/conferenced call.,Olga Petrova confirmed the association bug occurs on specific transfer scenarios; corrected the affected records.,Segment association error on transferred calls mapped wrong media. Records corrected; defect logged to recording stitching.
107,PCI pause/resume not masking - sensitive audio audible in recording.,"During payment capture on CID 794885525445, the recording should pause but the card details are audible on playback. Compliance-impacting; customer escalated.",Reviewed the recording - pause event present in metadata but audio continued. API pause command timing under review.,"Sandeep Kulkarni found the pause API call was acknowledged ~2s late, so a window of audio was captured before masking took effect.",Olga Petrova confirmed an integration delay between the agent app and recording control. Recommend stop-record (not pause) for PCI segments.,Pause latency confirmed. Customer moved to full stop-record for payment steps; defect logged for pause acknowledgment timing.
108,Interaction exists in Contact History but the recording is missing entirely.,CID 508198844012 appears in Contact History Report with talk time but there is no associated recording. Customer expects 100% recording on this queue. No archive entry found.,Get file returns no media for the segment. Checked both active and archive storage - nothing present.,Laura Bianchi reviewed recorder logs for the timestamp - no recording trigger received for this contact. Possible recording rule / business unit mapping gap.,Saranya Rao confirmed the recording control did not start; the call matched a queue not included in the recording profile.,Recording profile did not cover the queue. Profile updated; customer informed prior interactions cannot be recovered.
109,"Recording for a single CID is returning ""Playback Unavailable - Error 8203"" across multiple applications. The recording shows as available in active storage but cannot be played back.","Single CID affected - no other recordings reported with this issue. Active storage - MAX Agent confirms the recording is present, not archived or deleted. All users affected including impersonated admin with full Administrator permissions, which rules out a permissions issue. Error occurs in both MAX Agent and CXone Player. Error: Playback Unavailable - Error 8203. CID 661849622183.","Reproduced from CXone Player. Get file shows the recording is in Storage, Active Playable, and complete. File name: 2026-04-27-14-07-59_661849622183_VOICE_518c5df1-2899-255b-2397-dbd7ed82cd90.mp4. Same error in MAX Agent. Routing to Mpower Recording.",Updating David Mensah. James Whitaker please review. Will analyse and update by tomorrow.,"There are two recordings in this segment: one is in failed status and the other is a statement recording, which is not playable in the player as per design. Wei Chen checked from the recording side - the first recording is showing a failed status.",'Failed' recording is actually a 'Short' recording which was not captured. KI shared with customer.
110,Recordings not appearing in Search & Replay despite existing.,Recordings such as CID 473441025172 are missing from Search & Replay results but are reachable via direct Contact History link.,Media and Contact History entries exist; the search index has no entry for these CIDs.,Richard Palmer found the indexing job skipped a window due to a transient error and did not retry.,Olga Petrova re-indexed the affected time range; recordings now searchable.,Search indexing gap from a transient failure. Affected window re-indexed; retry logic flagged for hardening.
111,Recordings stuck in 'Processing' / 'Pending Upload' and never become playable.,A batch of recordings including CID 830439573750 has been in Pending Upload state for over 44 hours. Customer cannot play or export them.,Confirmed upload queue backlog on EU2. Files exist on the recorder but have not transferred to File Storage.,Megan O'Brien found the upload worker had stalled due to a credential/token expiry. Restarted the service.,Wei Chen confirmed the backlog is draining; affected CIDs becoming playable.,"Upload service token expiry caused the stall. Service restarted, backlog cleared, monitoring added on upload lag."
112,Interaction exists in Contact History but the recording is missing entirely.,CID 412293014039 appears in Contact History Report with talk time but there is no associated recording. Customer expects 100% recording on this queue. No archive entry found.,Get file returns no media for the segment. Checked both active and archive storage - nothing present.,Arjun Mehta reviewed recorder logs for the timestamp - no recording trigger received for this contact. Possible recording rule / business unit mapping gap.,Daniel Cohen confirmed the recording control did not start; the call matched a queue not included in the recording profile.,Recording profile did not cover the queue. Profile updated; customer informed prior interactions cannot be recovered.
113,"Recording for a single CID is returning ""Playback Unavailable - Error 8210"" across multiple applications. The recording shows as available in active storage but cannot be played back.","Single CID affected - no other recordings reported with this issue. Active storage - Contact History Report confirms the recording is present, not archived or deleted. All users affected including impersonated admin with full Administrator permissions, which rules out a permissions issue. Error occurs in both Contact History Report and QM Workspace. Error: Playback Unavailable - Error 8210. CID 145354038423.","Reproduced from QM Workspace. Get file shows the recording is in Storage, Active Playable, and complete. File name: 2026-04-17-08-42-07_145354038423_VOICE_24ed3a8f-c810-a1cf-03fd-fb9d81190049.mp4. Same error in Contact History Report. Routing to Mpower Recording.",Updating the customer (Tier 1 financial). Sandeep Kulkarni please review. Will analyse and update by tomorrow.,"There are two recordings in this segment: one is in failed status and the other is a statement recording, which is not playable in the player as per design. Vinayak Bhati checked from the recording side - the first recording is showing a failed status.",'Failed' recording is actually a 'Short' recording which was not captured. KI shared with customer.
114,Recording is truncated - playback far shorter than the actual call duration.,Contact History shows CID 280780999159 talk time of 27 minutes but the recording is only 2 minutes long.,File in storage matches the short duration; the rest of the call was not captured.,"Tomas Novak found the recorder lost the media stream mid-call (RTP gap), so capture stopped while the call continued.",Sandeep Kulkarni confirmed an RTP timeout on the recorder during a network blip; the remainder was never received.,RTP stream loss mid-call truncated the recording. Network event confirmed; recorder timeout settings reviewed.
115,Recording playback is extremely slow / constantly buffering.,Playback for CID 467781192281 and others buffers every few seconds for users in the EMEA region. Download works fine.,Storage and file integrity confirmed good. Issue appears network/CDN related rather than media.,"Megan O'Brien ran a HAR capture - segment requests are taking 3s each, suggesting a CDN edge or routing issue for that region.",Sandeep Kulkarni confirmed with the platform team that one CDN edge node was unhealthy and pulled it from rotation.,Unhealthy CDN edge node caused buffering. Node removed from rotation; playback latency back to normal.
116,Recording is fine in storage; voice and screen appear to be just over 12 minutes long but playback stops early.,"We have analyzed the media and found the uploaded media has corrupt packets, so playback stops at 5:43. Analyzed via ffmpeg. Segment a2a63fbd-bc08-991a-4f2f-23bdc657a940 on AU1, recorded 05/23/2026. Need to confirm whether the corruption is internal to NICE or originated on the customer side.","The corruption is on the audio media uploaded to File Storage. Customer reports they can play the full recording outside CXone by downloading it, and asks why the issue would not persist outside the player.","In CXone Player, playback uses an HTML video element to decode the stream. When the file has corrupt or incomplete packets the decode is disrupted and playback stops. Anita Desai ran ffmpeg -i <input> -f null - on the audio-only file from File Storage and confirmed the corrupt packets.","Due to strict playback SLAs and on-the-fly stream switching, re-encoding or correction at the playback stage is not feasible - this must be addressed at the recording stage. Cfir Moshe confirmed the recorder logs showed zero issues at capture, so cause is unclear.",Cannot reproduce in lab; corrupt packets confirmed at File Storage. Customer advised to download and use an external player. Swarm closed.
